code,fake_first_name,fake_last_name
1002907,Jada,O'Shee
1014011,Turner,Hartnup
1039288,Danit,Haxby
1058674,Lynnea,Fibbit
1063462,Jon,Cahn
1073109,Dorothee,Itzkovitch
1082995,Marty,Bidgod
1088002,Sena,Pichan
1107168,Giorgia,Seller
1121312,Isabel,Busk
1125006,Rubina,Wark
1126744,Aloisia,Barkhouse
1130749,Derk,Byrne
1135651,Kahaleel,Newham
1139561,Cleavland,Blucher
1143401,Laurie,Canacott
1146489,Janeta,Blumer
1148082,Rana,Stembridge
1158348,Udall,Scoone
1161091,Addy,Pail
1162250,Laure,Hamlett
1167431,Flss,McGriffin
1171187,Brenn,Targett
1176031,Sandie,Sammars
1194220,Otho,Ravilious
1194540,Sharia,Whitaker
1195636,Ibby,Hawse
1198508,Ruthann,Tritten
1198958,Jeanne,Mebs
1206552,Merlina,Shemmin
1215130,Marya,Goodchild
1217143,Clara,Perrins
1217736,Pincus,Pring
1221675,Neal,McGibbon
1225076,Tiffani,Andreucci
1229484,Brynn,Pottiphar
1233635,Guglielmo,Stuer
1239772,Winne,Rosgen
1241300,Lodovico,Light
1253080,Georgina,Hazeldine
1258019,Alexandrina,Lendon
1260717,Farlay,Stearns
1265625,Tuckie,Josey
1266103,Iggy,Langthorne
1268987,Joella,Firbank
1277081,Donnie,Americi
1284102,Esme,Hebbron
1287925,Gabbie,Blaze
1293367,Isidoro,MacCauley
1302076,Hendrik,Tarply
1308889,Edita,Dunniom
1312851,Raynell,Colston
1314040,Delora,Halfacre
1315737,Caitrin,Rickword
1323338,Ailee,Croose
1326410,Donnie,Follen
1327829,Harlene,Quinet
1333443,Ardella,Deville
1335046,Horton,Ioannou
1335727,Kent,Emons
1342377,Rolph,Reolfo
1346158,Marv,Cleveley
1347487,Cleopatra,Schimoni
1350436,Ida,Ferrarini
1359300,Aloin,Rupp
1369237,Gussy,Olyff
1374827,Rockwell,Sarge
1378161,Sandie,Duce
1378491,Sonny,Gommowe
1383032,Sonya,Clamp
1384248,Clemmie,Yannoni
1392128,Laryssa,Denford
1397102,Cosme,Wenn
1399517,Marshal,Eyers
1401506,Hailee,Ziemke
1411602,Kaycee,Polotti
1411644,Christoph,Charlick
1413684,Viviyan,Haye
1420110,Clyve,Craighall
1427499,Janey,O'Gormley
1429228,Carlita,Mowling
1430900,Lorenza,Whaymand
1436381,Anetta,Affron
1437811,Jack,Kirsz
1447356,Agnes,Laundon
1451079,Hatty,Attow
1461710,Dud,Batsford
1473099,Bat,Elias
1480401,Haskel,Cuppleditch
1491175,Rena,Henrie
1493295,Thalia,Antonetti
1497485,Jenelle,Garlinge
1507533,Elena,Mattessen
1508175,Corabel,Neal
1516743,Arluene,Lucus
1523405,Freddy,Briggs
1526043,Charmion,Slyford
1526625,Kala,Inkin
1529782,Frankie,Bardell
1536519,Michelina,Baselli
1540406,Cecilla,Uvedale
1545691,Anna-maria,Tuvey
1547719,Lawry,Hayball
1552555,Donnell,Bartelet
1559284,Craggie,Uppett
1562069,Jarrad,Fosdike
1563888,Kissiah,Brine
1564057,Garold,Moncreif
1564457,Aeriell,Odams
1577983,Pepillo,Stelfax
1582183,Ursuline,Garratt
1607952,Karlotta,Skyrme
1614223,Arlen,Robertsen
1615990,Anthony,Yendle
1618705,Ranique,Forker
1624688,Jesse,Frango
1633648,Clem,Oaten
1636262,Katherine,Hardware
1637431,Arlee,Clemencon
1657860,Jobye,Dumke
1660852,Maryrose,Deakan
1661963,Rupert,Blakeborough
1663677,Dianemarie,Loudian
1663866,Kareem,Skipping
1665422,Reginald,Van der Veldt
1671525,Catherin,Wrightim
1671938,Erik,Colliar
1676768,Bobinette,Bhatia
1679648,Alfreda,Lowdiane
1680415,Nathan,Kenlin
1685261,Cara,Sedwick
1691392,Kalli,Snaith
1691661,Brewster,Cordero
1693236,Heather,Dubber
1694666,Lanette,Scapens
1700675,Theo,Bilbee
1703862,Spike,Gissing
1704400,Connie,Kerrane
1711009,Cyrille,Pinkie
1725804,Caz,Dowell
1730616,Kikelia,Ludford
1730896,Marve,Kirkman
1731601,Brock,Hullins
1732179,Luz,Roblin
1733586,Maudie,McMichan
1747841,Rea,Reymers
1749043,Kim,Tureville
1752400,Camella,Churchill
1762251,Abrahan,McCay
1767600,Naomi,McCoveney
1773024,Adey,Fellgatt
1786767,Marsiella,Burlingham
1797013,Bud,Cuttles
1798706,Micky,Rudd
1809862,Gratiana,Grimble
1812866,Logan,Winward
1820012,Haskel,Schoenfisch
1825476,Carmelita,Hinchshaw
1833088,Dottie,Hrinchenko
1835384,Stephan,Brayley
1838089,Dionisio,Windibank
1851261,Philbert,Alelsandrowicz
1854340,Cacilia,Denington
1860455,Appolonia,Aarons
1862085,Conny,Conkling
1864322,Sharona,Battersby
1867339,Sheelah,Rayburn
1868346,Juliet,Romand
1870791,Emile,Denley
1871654,Cathlene,Henri
1872005,Kassey,Simic
1877563,Briny,Fitzpayn
1878549,Halsey,Yong
1883593,April,Rozycki
1891587,Lindon,Ruckledge
1892542,Abigale,Greener
1908318,Alis,Cadogan
1914845,Davon,Durak
1915780,Vi,O'Gormley
1917311,Sherri,Willicott
1924815,Alexa,Halleybone
1925192,Sarina,Newiss
1926329,Janela,Strowther
1926645,Roldan,Kelemen
1934594,Ruggiero,Philbrook
1937020,Joli,Tampling
1939624,Nikola,Lemerle
1939672,Bren,Coxhead
1957256,Alistair,MacTrustram
1958098,Ritchie,Duckworth
1962403,Bordie,Ackeroyd
1967961,Tilly,Whoston
1969982,Jameson,Gommowe
1983360,Giorgia,Fernao
1992394,Heath,Glascott
2002259,Willyt,Medlin
2008561,Meta,Sparey
2016840,Waldemar,Huggons
2034312,Mendy,Doxey
2038721,Aundrea,Tomblin
2043341,Vaughn,Frail
2046399,Wallis,Chadburn
2054151,Winnie,Holsey
2068608,Ferne,Vassie
2071276,Pooh,Aulton
2075016,Ki,Brotherwood
2085739,Camila,Ivamy
2091258,Martita,Choke
2103700,Goddard,Andell
2105467,Vikky,Moutray Read
2112589,Sheilah,Asplin
2125507,Jerry,Swaysland
2142797,Annalise,Bilbie
2149916,Ilse,Peasby
2160115,Owen,Eastment
2160866,Arlin,Spandley
2164034,Adan,Luis
2175628,Ann,Sarfas
2176653,Julie,Havile
2183090,Alexandrina,Dallas
2192024,Orelie,Whear
2199955,Starlene,Enriques
2203086,Cathi,Louch
2236426,Marji,Cuppitt
2239100,Cari,Vant
2240333,Lurette,Puttan
2243865,Fitzgerald,Leonard
2251847,Christoph,Cornock
2271781,Vaughn,Goulborne
2272403,Frederico,Bromige
2277376,Rockwell,Abdey
2299749,Fredrick,Edridge
2306269,Sena,Garthland
2346241,Avrom,Bassil
2366853,Jere,Peakman
2393001,Shepherd,Oldroyde
2396217,Ophelie,Simmonite
2430043,Ewen,Buckenhill
2435009,Aubert,Swire
2442921,Giraud,Leate
2444898,Morly,Jonah
2447181,Peterus,Yoxen
2455777,Ursala,Forsaith
2479785,Saunder,Fawcus
2485670,Neile,Barneville
2487694,Farrell,Scotchmor
2489478,Muffin,Wrightam
2489622,Britt,Matsell
2495355,Erna,Weldon
2497588,Salim,Twitchings
2499980,Perl,Heinonen
2507401,Kelsey,Roust
2512087,Malvin,Wormell
2512797,Franz,Boustred
2515624,Sher,Rosenbarg
2516591,Jeffry,Greep
2519579,Amble,Lichfield
2521796,Fiorenze,Becom
2531610,Ruprecht,Gettone
2532889,Carmine,Orange
2557483,Obadiah,Cammock
2558572,Marris,Pessler
2563494,Standford,Orkney
2571135,Kaitlin,Sapsed
2580444,Madeleine,Jowsey
2581699,Quintilla,Sawley
2585208,Gerald,Rhelton
2589577,Vally,Grebbin
2591214,Lane,Paffett
2594345,Wilmette,Gregoratti
2606464,Johnette,Battersby
2635027,Brinn,Grigorini
2670458,Avril,Beeson
2671274,Haily,Yegorkov
2695354,Ashley,Cheng
2695878,Hammad,Bellwood
2702758,Karlie,Shrigley
2718183,Sheila-kathryn,Talkington
2724295,Chucho,Coaker
2734681,Cari,Thoresbie
2735547,Alec,Madgewick
2737564,Harlie,Roseby
2745803,Chrystal,Gallyon
2762424,Oralle,Soall
2780246,Codee,Palumbo
2788602,Cob,Fearnsides
2803606,Clio,Cescoti
2803688,Eleanora,Axcel
2818712,Phaedra,Gouldthorpe
2824356,Upton,Caldow
2847000,Millie,Aviss
2902807,Delmor,Sorro
2918423,Elroy,Mildmott
2924100,Todd,Casel
2939794,Carlyn,O'Rudden
2942641,Yard,Cuningham
2960449,Ainsley,Meins
2965219,Elspeth,Beak
2973175,Abagael,Scinelli
2973647,Clarke,Carek
2991793,Mirella,Witherington
3002282,Christian,Melmore
3007380,Kristofer,Guisler
3009944,Valentine,Jahnig
3016559,Roxanne,Clough
3020070,Aylmar,Urey
3026857,Josias,Farland
3028366,Sybila,Evennett
3038404,Ramsay,Masser
3039363,Jessalyn,Babar
3042703,Dianemarie,York
3043480,Sarette,Hillan
3076330,Zilvia,Caldicott
3081482,Burl,Naismith
3085072,Javier,Rouge
3085333,Anallise,Szubert
3095246,Kathi,Jochanany
3101762,Janette,Cutbush
3107266,Adah,Klambt
3108532,Karolina,Godden
3109465,Leshia,Villar
3110349,Elwyn,Rosenwald
3111241,Mathilda,Suggitt
3124564,Emmett,Malshinger
3125954,Alexandre,Fursse
3132390,Nev,Emps
3138761,Kip,Katzmann
3147443,Garv,Kmicicki
3163319,Alfons,Tant
3180268,Harri,Sedger
3185404,Antoine,Hatwells
3194106,Evy,Bissell
3197842,Cirstoforo,De Lasci
3203382,Chaddie,Bocking
3221698,Katheryn,Goodbur
3224865,Katharyn,Gammet
3253335,Courtney,McKnish
3256138,Milly,Boulder
3265325,Emery,Lutton
3277610,Udall,Boss
3294608,Katharyn,Kinge
3301565,Randie,Bottrell
3303621,Simonette,Addionizio
3329802,Salim,Monahan
3335367,Worth,Shapero
3340938,Daniella,Gourlay
3343314,Lu,Di Biagi
3353736,Meaghan,De Goey
3363966,Blanca,Duester
3379474,Bab,Boddymead
3380718,Flynn,Wemm
3387625,Cristen,Halloran
3388406,Ardeen,Costain
3408739,Ivory,Hauger
3410463,Terrye,Brockley
3424652,Farlay,Adamini
3427144,Terri,Canny
3431703,Karlyn,Carpe
3436479,Robby,Slidders
3445197,Uri,Duer
3451621,Friedrich,Thorogood
3472110,Prent,Dadd
3475712,Susanne,Martinez
3477500,Willey,Spottiswood
3491057,Misha,Blagbrough
3491313,Priscilla,Bleackly
3513066,Jeanelle,Feeham
3515915,Diana,Beyne
3521751,Sonnnie,Krink
3531130,Luise,Gidney
3544229,Carin,Ivashnyov
3544665,Joeann,Bolens
3545235,Shaun,Bjorkan
3551065,Lebbie,Brunker
3555001,Laurel,Ever
3555607,Lalo,Collingridge
3555702,Archibaldo,Conen
3575272,Kerri,Gieraths
3577532,Aida,Fishbourne
3588716,Merilyn,Whittuck
3592397,Neall,Collip
3601231,Saxe,Scoffins
3615439,Candice,Holwell
3618627,Hastie,Iredale
3623718,Chaddie,Mee
3629718,Felic,Tacey
3640794,Kalle,Breen
3642598,Larisa,Blenkensop
3645132,Sanson,Youthead
3657237,Matthieu,Abrahamowitcz
3667120,Garrick,Peret
3669160,Agretha,Runacres
3674681,Rhetta,Buddleigh
3688841,Mariann,Morch
3720459,Stanton,Suddell
3732745,Wait,Lytle
3755906,Beverie,Delos
3763369,Lukas,Feaks
3770774,Darrel,Eat
3774593,Pru,Powderham
3789714,Gardiner,Rook
3801297,Marley,Rayman
3806280,Axel,Tilsley
3811957,Alden,Oscroft
3820821,Sigfried,Keenlayside
3826790,Jerrome,Babb
3836191,Tilly,Giovannilli
3837446,Nari,Chaudron
3838107,Hubie,Thames
3840502,Bea,Mansion
3844182,Xylia,McCrachen
3852590,Waldemar,Rendbaek
3857802,Blondie,Burdfield
3877370,Francisco,Kinkade
3879234,Jacky,Goodbourn
3896052,Layne,Dyet
3910426,Tynan,Jatczak
3916278,Patrizio,Northey
3916846,Melinde,Mapledoram
3918828,Jimmy,Antliff
3919648,Maridel,Duffyn
3943024,Twyla,Delgardo
3950181,Cad,Halewood
3950207,Kiah,Frances
3963926,Byrann,Grumell
3964827,Worden,Searight
3965237,Lisa,Brannon
3974800,Colette,Borris
3975276,Miltie,Goodacre
3977313,Keeley,Handscomb
3981084,Lanie,Girardetti
3982706,Constantina,Gymblett
4021226,Danyelle,Alleyn
4025007,Brooks,Garside
4033632,Dud,Dubbin
4038289,Sibylla,Stobbs
4061436,Katinka,Knutsen
4070426,Dael,Spottiswood
4126801,Dion,Gravy
4130382,Helenka,Mackilpatrick
4137711,Christan,Lob
4171165,Erda,Gemeau
4177145,Stephie,Dyment
4179558,Amargo,Northgraves
4180937,Tracy,Derry
4181150,Willi,Malacrida
4186077,Phedra,Kippling
4199995,Darice,Kofax
4234474,Helaina,Pocock
4236550,Levin,Minchella
4245085,Ibby,Boldero
4245290,Robby,Forman
4253909,Emanuel,Patel
4282135,Robin,Grinston
4288689,Novelia,Fantone
4290770,Roseanna,Cheley
4299858,Prinz,Teodoro
4315760,Raddy,Dinzey
4325789,Ashlen,Enriques
4326057,Carlie,Germon
4389481,Quint,Galletly
4420482,Barbie,Greatreax
4430365,Oswald,Westphal
4433728,Annabelle,Fosberry
4441773,Si,Hoy
4447095,Corrie,Ryves
4455053,Gordy,Bourgeois
4466591,Edsel,Cozins
4487597,Emerson,Strutz
4491308,Romeo,Eassom
4514244,Lonni,Sugars
4517050,Rudolph,Alwen
4520987,Natalina,Gauntlett
4523321,Cristiano,Plester
4531901,Doralynne,McQuode
4532874,Tynan,Benstead
4536073,Katharyn,Silversmidt
4541594,Jamill,Elmhurst
4542410,Celine,Bydaway
4556476,Tabby,Cumbers
4567664,Aura,Hauch
4573210,Chelsea,Longdon
4581989,Gray,Belone
4584305,Moritz,Egre
4598987,Annie,Minors
4602561,Orazio,Chiles
4606530,Beverlee,Chalfant
4606718,Frankie,Cornhill
4613962,Elia,Turford
4617374,Mathian,Zoanetti
4625503,Nerty,Gudgion
4627523,Maison,Danniell
4637533,Em,Cullingworth
4648810,Damien,Dowdam
4690230,Wandie,Chominski
4711204,Nevin,Renols
4713639,Wallie,Doubleday
4729072,Daniel,Brecknall
4735185,Cherie,Crowdy
4739833,Patty,Fishpoole
4760968,Edwin,Stidever
4780318,Geoffry,MacMoyer
4780917,Chas,London
4781681,Tedman,Redhills
4802075,Sibyl,Braisby
4806206,Archaimbaud,Cruess
4813866,Elle,Asee
4821028,Dorthy,Montacute
4821810,Davide,Notman
4853211,Helge,Trillow
4859961,Gabriela,Werlock
4890631,Jackqueline,Cavill
4895644,Pauly,Halloway
4900817,Fredelia,Gludor
4913866,Suellen,Romagosa
4931042,Radcliffe,Decruse
4936335,Storm,Bartholat
4938857,Olympia,Erley
4942598,Letisha,Cutforth
4945901,Brianne,Ridolfo
4976073,Max,Borth
4981673,Shaun,Jaycock
4983612,Adora,Romanetti
4995158,Maryann,Reitenbach
5008886,Jacklyn,Tixall
5009353,Scotti,Knok
5017701,Robers,Burbank
5024615,Pammi,Clail
5050205,Putnem,Tomlett
5056370,Shantee,Fergusson
5059282,Gayelord,Alsop
5081930,Tandy,Bentje
5084221,Georgie,Cardinal
5090725,Mame,Meaddowcroft
5118994,Barry,Bonallick
5141685,Aubrey,Jancey
5147975,Corette,Trubshawe
5158015,Gonzales,Townley
5162279,Nathan,Cockshtt
5171580,Cherilynn,Fall
5186430,Rodrick,Storrar
5186546,Jimmy,Bierman
5191404,Dame,Friar
5200679,Amory,Lintott
5205877,Alvira,McLarens
5211816,Amil,Gallehock
5223191,Jethro,Permain
5223965,Clemmy,Kliemke
5228240,Alex,Pantling
5232020,Staford,Lisciardelli
5252741,Frank,Dooly
5253791,Benedick,Dwight
5259088,Reese,Brinsford
5260684,Luther,Jenkins
5271702,Carmela,MacTerlagh
5296380,Debera,Noen
5305774,Koressa,Agett
5309273,Cristen,Ginnell
5315175,Carr,Copsey
5327981,Grange,Kingerby
5344054,Mozelle,Ranking
5347911,Dominic,Plumridge
5359127,Brooks,Bankhurst
5383035,Georgie,Kleimt
5393385,Mathias,Greenshiels
5394083,Ezmeralda,MacFadin
5413360,Roxie,Handslip
5422392,Fredrick,Alelsandrovich
5438002,Alexander,Scarrisbrick
5441085,Vicki,Pfiffer
5448310,Tish,Wisson
5448315,Marthena,MacCheyne
5449110,Archibold,Pevreal
5449716,Eadmund,Boissier
5451368,Ogden,Orcott
5458430,Lorilee,Maund
5474125,Anna-diana,Braams
5475633,Ailey,Hamman
5493730,Kacey,Kester
5502110,Adora,Tierney
5508916,Rayna,Jeremaes
5523263,Noby,Tavinor
5539814,Aurelea,Vynoll
5581007,Della,Ovens
5584384,Gil,McManamon
5588672,Michael,Goding
5596688,Marsh,Azam
5614302,Darcie,Meric
5614915,Frederic,Cordelet
5617899,Jimmy,Petkov
5637553,Kellen,Kem
5655423,Woodie,Gosnoll
5666459,Truman,Pragnall
5667745,Gerta,Chable
5691032,Matty,Dally
5691297,Becca,Coil
5694857,Russ,Stollmeyer
5704451,Othella,Eaves
5704479,Christoper,Matushevich
5714158,Zondra,Cackett
5722608,Amye,Gillanders
5730445,Marie-ann,Giocannoni
5734787,Vanna,Hospital
5739842,Nancie,Dorn
5748853,Ingmar,Taw
5753318,Alis,Conlaund
5772584,Mady,Burne
5798979,Isac,Urwin
5810592,Erminia,Jacmar
5841179,Cyrille,Crake
5841647,Lucinda,Massey
5842232,Ulrick,Marzellano
5843064,Carmen,Reach
5875638,Lainey,Cotgrove
5886387,Chane,Fattore
5887083,Modestia,Kordova
5892111,Marlena,Longbone
5899559,Wakefield,Scoggins
5909517,Eulalie,Kamenar
5917340,Tobie,Ardy
5933311,Lewie,Shaves
5947386,Sandy,Emerton
5956587,Rayna,Scroyton
5963466,Genna,Di Meo
5974979,Brooks,Roggero
5993079,Vergil,Mattiessen
5996942,Leonie,Blaydes
5999123,Garnette,Piell
6003864,Kirk,Vokes
6038369,Rosabel,Prator
6078757,Christoffer,Keizman
6111664,Davie,Lofthouse
6118165,Timi,Ianson
6124910,Dieter,Pickersgill
6167752,Kerwinn,Loseby
6170484,Jacqueline,Faircliff
6189444,Martin,Kays
6205804,Kala,Foulser
6237166,Lurleen,Pesselt
6284850,Zerk,Althorpe
6290375,Kiel,Munby
6290803,Moina,Quilter
6296186,Stafford,Lindback
6305433,Coop,Zarfat
6308526,Modesty,Tacker
6311626,Belicia,Rodway
6315885,Giraud,Cater
6320438,Bastien,Blick
6355051,Lucy,Fuxman
6362993,Caldwell,Frostdick
6366305,Zaccaria,Harp
6373265,Francyne,Coulsen
6379902,Darby,Philbrook
6389968,Pascal,Draysay
6390785,Natal,Baumer
6391781,Robert,Senyard
6402039,Gisela,Kondratenko
6412531,Rhiamon,Trusse
6415359,Ofella,Gowrie
6427311,Helen,Este
6440007,Winnie,Cloney
6440080,Alisha,Moreton
6448040,Arte,Summerly
6453034,Mattias,Carillo
6467125,Ibrahim,Dally
6471321,Griffie,Tieraney
6478389,Judas,Fleckno
6488171,Lorain,Amburgy
6488264,Dew,Goodin
6492536,Marj,Huxter
6496170,Lilly,Roxby
6497962,Sherye,Verbruggen
6503072,Vic,Commings
6510804,Bea,Torns
6511518,Lukas,Witt
6523490,Kiley,Aberdalgy
6526880,Gretel,Tesche
6533810,Taddeo,Shorland
6535815,Jana,Cobby
6536409,Jo ann,Gooding
6539895,Rupert,Usherwood
6558073,Monroe,Hewins
6578764,Adeline,Buttrum
6581459,Ardisj,Vaskin
6587200,Saree,Cissen
6588533,Elvyn,Blazewicz
6646879,Constantina,Sansam
6664736,Candie,Boyford
6681689,Hyacinth,Durham
6703445,Hilary,Maharry
6721849,Laverna,Burtonwood
6733834,Vilhelmina,Doerrling
6748459,Kinnie,Lourenco
6838435,Josh,Macy
6842516,Gus,Feltoe
6852323,Madel,Glanister
6852408,Mommy,Stud
6859172,Clarence,Rikel
6865087,Stacee,Eckert
6868521,Rori,Leverage
6869148,Nataniel,Baughn
6873215,Rebekah,Blaszczynski
6875768,Amelie,Sarfat
6880894,Ernesta,Shenton
6890340,Elihu,Peche
6916551,Janela,Polk
6919421,Miriam,Fold
6921155,Rubin,Norcross
6958689,Chet,Atton
6959128,Fran,Frontczak
6993951,Palmer,Dispencer
6997341,Larina,Witchalls
7033941,Nedi,Case
7036849,Salvidor,Brydell
7046998,Amil,Schwartz
7053549,Corney,Regi
7064332,Cordula,Robinet
7076844,Jory,Chesshire
7078946,Richart,Rumens
7085398,Morgan,Pau
7094520,Guss,Gwin
7096094,Fleurette,Snar
7096307,Kaja,Slate
7103555,Carmelia,O'Codihie
7109628,Lynnelle,Worswick
7122746,Maressa,Sporner
7138964,Maia,Roelofsen
7144871,Lyn,Menelaws
7149009,Georas,Pinwell
7151869,Inez,Hannon
7162873,Sophia,Rubin
7164685,Goldie,Houselee
7167287,Anitra,Tellwright
7187899,Darline,Maharry
7194512,Lenette,Batiste
7201414,Judd,Forster
7211500,Rafaela,Garmans
7222046,Freda,Kirkam
7231073,Connor,Redmire
7246371,Dante,Lawie
7251175,Noemi,Mullender
7260379,Egor,Blumsom
7260935,Dulcinea,Joselin
7268855,Sander,Ellwood
7269116,Elfrida,Barzen
7269430,Sascha,Wheal
7270079,Jolene,Gallone
7288206,Corbie,Bony
7304137,Nealy,Catling
7309665,Janot,Malley
7313218,Dael,Gilardengo
7342893,Matthus,Bishop
7345118,Candie,Ciccerale
7353068,Brooke,MacMeanma
7370925,Redd,Togher
7374679,Kirby,Larvor
7374880,Dixie,Tierny
7380599,Nannie,Leadbeater
7380872,Adena,Humbell
7385026,Farrand,Edghinn
7406448,Damian,Westbury
7420555,Ab,Bickell
7423255,Dannye,Lightollers
7441039,Mychal,Shine
7466338,Dee dee,Deveril
7471504,Daphna,Hartles
7474518,Orelle,Abramamov
7480084,Calla,Carren
7481807,Klaus,Eilhart
7490153,Farley,Caplis
7498155,Oralie,Ciccoloi
7519010,Janie,Lally
7522719,Silvain,Magne
7525350,Berkie,Andrioli
7535646,Faustine,Poulsum
7541268,Florian,McGavigan
7542566,Lloyd,Memmory
7544653,Elden,Mytton
7549415,Marcia,McShirrie
7575555,Far,Jencey
7598033,Buddie,Flippini
7607900,Sonni,O'Murtagh
7633452,Berni,Hexter
7635306,Lanni,Meffin
7635382,Lloyd,Jordine
7642911,Ardyce,Kardos-Stowe
7645084,Abbot,Allsobrook
7649667,Leland,Pulhoster
7661520,Frederica,Quartley
7662901,Thornton,McCrie
7674666,Judye,Brokenshire
7678421,Kristian,Trippett
7682920,Aridatha,Jeannet
7718761,Gayleen,Danzelman
7722554,Diahann,Swine
7722810,Cara,Teeney
7749499,Eimile,Creedland
7757365,Chicky,Schultze
7805449,Frayda,Junifer
7807873,Whitney,Frend
7808860,Reta,Mather
7833523,Annalise,Ellesworthe
7838116,Francis,Grut
7844330,Jannelle,Griffey
7851725,Aubrey,Walding
7881334,Tobin,Scrase
7908609,Missy,Setchell
7914355,Erda,Mazin
7915922,Hillary,Folds
7916780,Foster,Risbridger
7917274,Cloe,Leupoldt
7918097,Henrik,Goodale
7927701,Colman,Penrith
7929084,Leonanie,O'Lenechan
7929091,Izak,Garrioch
7936612,Cathe,Kopps
7940205,Adele,Layzell
7948844,Sidonnie,Iverson
7956642,Pippo,Truluck
7958847,Gussi,Schwartz
7960245,Galvan,Pendlenton
7961143,Nike,Teaser
7964707,Chrystal,Roscoe
7975162,Ann-marie,Frankcomb
8007330,Kirsten,Bayless
8014950,Lissy,Qualtrough
8031805,Melvyn,Lordon
8038036,Willard,Plank
8041447,Vinni,Crewe
8048351,Gilda,Pyatt
8058900,Scarface,Harrower
8059887,Willie,Kemmet
8102939,Arabel,Agglione
8103104,Natale,Cottis
8106829,Gail,Bolley
8120649,Emmi,Gartin
8121346,Hayyim,Sprackling
8152036,Silva,Hamelyn
8153984,Esteban,Cantos
8156005,Ula,Olenchikov
8158247,Luce,Hammerson
8161674,Emilie,Radoux
8192444,Rowe,Endricci
8199553,Cherish,Hann
8212745,Spenser,Troake
8214007,Lenora,Beccera
8253484,Jyoti,Beeres
8271184,Hilarius,Graalmans
8272985,Bancroft,Matchitt
8273612,Ferdie,McCroary
8273683,Edithe,Wilkin
8282574,Judi,Aldous
8286071,Albie,Renihan
8299574,Ramsay,Whitely
8325615,Jayme,Howe
8329482,Kelci,Bottinelli
8337651,Jo,Mountcastle
8355831,Ernesta,Bilton
8369799,Alexio,Tuckerman
8400857,Pamella,Chichgar
8423467,Christie,Barrowclough
8444198,Tilly,Hinkensen
8464817,Mychal,Crozier
8476266,Fleming,Lobbe
8517167,Bartholomeus,Tarbard
8531440,Beret,Argue
8531951,Aura,Hawksby
8537718,Cully,McLugish
8547670,Otis,Bill
8556674,Bronny,Eates
8576668,Garik,Caughte
8606086,Wilmer,Mynard
8610682,Dal,Billingham
8644831,Dannel,Gartsyde
8645908,Sybila,Bonnaire
8648276,Danila,Petruskevich
8681899,Genna,Forsard
8692846,Filippo,Dilnot
8695083,Sander,Biever
8697845,Allyn,Cowser
8719933,Raina,Tunno
8736437,Tilda,Magill
8751422,Rivkah,Alelsandrowicz
8758812,Raffarty,Seaton
8759882,Helaina,Peel
8764733,Carolin,Dot
8782628,Gilbertina,Spindler
8802299,Bunnie,Edleston
8803263,Marc,Marner
8808108,Bobbie,Boggers
8820473,Lin,Premble
8835962,Brett,Ranaghan
8843675,Gerardo,Vossing
8846506,Berenice,Gullivan
8865223,Yovonnda,Cockell
8873154,Mavra,Wycliffe
8914883,Kristos,MacBey
8926020,Rinaldo,Braine
8954670,Tome,Redhead
8961948,Annabella,Sauvan
8977676,Burk,Syratt
8993529,Virginia,Raddin
8995616,Daniel,Peachey
8998011,Fran,Seamark
8998218,Keelia,Cud
9006939,Sven,Levine
9017250,Constantine,Rymell
9017573,Alexandro,Laye
9022311,Elisha,Gallanders
9027364,Starla,Graeme
9066176,Domeniga,Loeber
9071626,Gusty,Lethibridge
9081480,Catarina,Kanzler
9087480,Tildie,Ramel
9097027,Marina,Waddoups
9141607,Norman,Nowakowska
9146330,Silvie,Worcester
9155252,Cherianne,Powderham
9156905,Chucho,Giorgini
9157502,Vinnie,Jakubovics
9162028,Pyotr,De Gowe
9165171,Gerianne,Obell
9174509,Cora,Beccero
9180106,Binky,Darrigrand
9182529,Hallie,Massow
9189979,Darby,Postgate
9211734,Drusi,Wrate
9214620,Joel,Folley
9221269,Chrissy,Tissier
9232419,Diannne,Playden
9239413,Elane,Gisburne
9245928,Isiahi,Sheavills
9321115,Ora,Fegan
9323128,Roseline,Branigan
9337565,Petronia,Gallehock
9343919,Henry,Deverill
9346487,Olwen,Kops
9346580,Ophelia,Alyukin
9351196,Odelle,Marland
9359584,Doy,Worrell
9366115,Collie,Tallquist
9373323,Dante,Monument
9380228,Constancy,Bartczak
9385003,Calhoun,Curnow
9398517,Hans,Sybe
9409342,Augustine,Everington
9422683,Britt,Stonman
9424880,Benn,Kanwell
9436571,Jacob,Le Friec
9437194,Alon,Haylor
9452064,Cart,Empson
9455419,Patience,Biddlecombe
9467061,Kinnie,Dorward
9468110,Tori,Dansken
9471151,Richard,Chicchetto
9479040,Jeremie,Perotti
9482736,Kaitlyn,Eberz
9498925,Britni,Tumilson
9515040,Newton,Baggiani
9539102,Kristin,Govinlock
9541178,Hyman,Corkel
9542327,Sayres,Dines
9544982,Gualterio,Heaviside
9553094,Lotta,Battyll
9560501,Stillman,Askam
9580815,Rickert,McPhail
9583449,Melissa,Jeanet
9624447,Bunny,Plose
9627578,Christi,Sandever
9628802,Jessamine,Gehrels
9668307,Edna,Mortell
9678030,Abbie,Ibbotson
9678983,Nealson,Parker
9679213,Lillis,Dow
9682815,Meier,Ebbrell
9715280,Tabbie,Shubotham
9724978,Gene,Lawford
9739120,Doe,Barthod
9752713,Ellyn,Jobe
9759176,Vannie,Burditt
9759838,Charmian,Harme
9784126,Fanechka,Garvey
9805220,Valencia,Rowbotham
9809043,Kenny,Elflain
9824840,Nicol,Barriball
9828081,Leonie,Boncoeur
9829565,Jan,Gratrex
9843345,Anna-maria,Carpe
9847387,Jami,Chill
9875172,Tabby,Nowill
9898816,Murray,Stanier
9909032,Lion,Prestedge
9922322,Danila,Sinnie
9937130,Kirsti,Cuttings
9942720,Emmaline,Glitherow
9950622,Moria,Blakden
9953592,Heida,Jeroch
9975264,Skip,Ashwood
9978176,Johnath,Tant
9983691,Huey,Lindenbaum